{
    "$schema": "https://schema.management.azure.com/schemas/2015-01-01/deploymentParameters.json#",
    "contentVersion": "1.0.0.0",
    "parameters": {
        "virtualMachines_IoT_node_name": {
            "value": null
        },
        "virtualNetworks_vn_saltstack_name": {
            "value": null
        },
        "networkInterfaces_iot_node473_name": {
            "value": null
        },
        "publicIPAddresses_IoT_node_ip_name": {
            "value": null
        },
        "publicIPAddresses_ip_rg_saltstack_name": {
            "value": null
        },
        "networkSecurityGroups_IoT_node_nsg_name": {
            "value": null
        },
        "storageAccounts_rgsaltstackdiag699_name": {
            "value": null
        },
        "networkInterfaces_vnic_saltstack_master_name": {
            "value": null
        },
        "networkSecurityGroups_nsg_saltstack_master_name": {
            "value": null
        },
        "subnets_sn_saltstack_name": {
            "value": null
        },
        "disks_IoT_node_OsDisk_1_96c6279aac924bce8b4f3a61d6e0a1a8_name": {
            "value": null
        },
        "securityRules_default_allow_ssh_name": {
            "value": null
        },
        "securityRules_rg_nsgr_ssh_name": {
            "value": null
        },
        "securityRules_rg_nsgr_t4505_name": {
            "value": null
        },
        "securityRules_rg_nsgr_t4506_name": {
            "value": null
        }
    }
}