{
    "$schema": "https://schema.management.azure.com/schemas/2015-01-01/deploymentTemplate.json#",
    "contentVersion": "1.0.0.0",
    "parameters": {
        "virtualMachines_IoT_node_name": {
            "defaultValue": "IoT-node",
            "type": "String"
        },
        "virtualNetworks_vn_saltstack_name": {
            "defaultValue": "vn-saltstack",
            "type": "String"
        },
        "networkInterfaces_iot_node473_name": {
            "defaultValue": "iot-node473",
            "type": "String"
        },
        "publicIPAddresses_IoT_node_ip_name": {
            "defaultValue": "IoT-node-ip",
            "type": "String"
        },
        "publicIPAddresses_ip_rg_saltstack_name": {
            "defaultValue": "ip-rg-saltstack",
            "type": "String"
        },
        "networkSecurityGroups_IoT_node_nsg_name": {
            "defaultValue": "IoT-node-nsg",
            "type": "String"
        },
        "storageAccounts_rgsaltstackdiag699_name": {
            "defaultValue": "rgsaltstackdiag699",
            "type": "String"
        },
        "networkInterfaces_vnic_saltstack_master_name": {
            "defaultValue": "vnic-saltstack-master",
            "type": "String"
        },
        "networkSecurityGroups_nsg_saltstack_master_name": {
            "defaultValue": "nsg-saltstack-master",
            "type": "String"
        },
        "subnets_sn_saltstack_name": {
            "defaultValue": "sn-saltstack",
            "type": "String"
        },
        "disks_IoT_node_OsDisk_1_96c6279aac924bce8b4f3a61d6e0a1a8_name": {
            "defaultValue": "IoT-node_OsDisk_1_96c6279aac924bce8b4f3a61d6e0a1a8",
            "type": "String"
        },
        "securityRules_default_allow_ssh_name": {
            "defaultValue": "default-allow-ssh",
            "type": "String"
        },
        "securityRules_rg_nsgr_ssh_name": {
            "defaultValue": "rg-nsgr-ssh",
            "type": "String"
        },
        "securityRules_rg_nsgr_t4505_name": {
            "defaultValue": "rg-nsgr-t4505",
            "type": "String"
        },
        "securityRules_rg_nsgr_t4506_name": {
            "defaultValue": "rg-nsgr-t4506",
            "type": "String"
        }
    },
    "variables": {},
    "resources": [
        {
            "comments": "Generalized from resource: '/subscriptions/1bcbd897-f630-49db-839c-41cb001f3845/resourceGroups/rg-saltstack/providers/Microsoft.Compute/disks/IoT-node_OsDisk_1_96c6279aac924bce8b4f3a61d6e0a1a8'.",
            "type": "Microsoft.Compute/disks",
            "name": "[parameters('disks_IoT_node_OsDisk_1_96c6279aac924bce8b4f3a61d6e0a1a8_name')]",
            "apiVersion": "2016-04-30-preview",
            "location": "centralus",
            "scale": null,
            "properties": {
                "accountType": "Standard_LRS",
                "osType": "Linux",
                "creationData": {
                    "createOption": "FromImage",
                    "imageReference": {
                        "id": "/Subscriptions/1bcbd897-f630-49db-839c-41cb001f3845/Providers/Microsoft.Compute/Locations/centralus/Publishers/Canonical/ArtifactTypes/VMImage/Offers/UbuntuServer/Skus/16.04-LTS/Versions/latest"
                    }
                },
                "diskSizeGB": 30
            },
            "dependsOn": []
        },
        {
            "comments": "Generalized from resource: '/subscriptions/1bcbd897-f630-49db-839c-41cb001f3845/resourceGroups/rg-saltstack/providers/Microsoft.Compute/virtualMachines/IoT-node'.",
            "type": "Microsoft.Compute/virtualMachines",
            "name": "[parameters('virtualMachines_IoT_node_name')]",
            "apiVersion": "2016-04-30-preview",
            "location": "centralus",
            "scale": null,
            "properties": {
                "hardwareProfile": {
                    "vmSize": "Basic_A0"
                },
                "storageProfile": {
                    "imageReference": {
                        "publisher": "Canonical",
                        "offer": "UbuntuServer",
                        "sku": "16.04-LTS",
                        "version": "latest"
                    },
                    "osDisk": {
                        "osType": "Linux",
                        "name": "[concat(parameters('virtualMachines_IoT_node_name'),'_OsDisk_1_96c6279aac924bce8b4f3a61d6e0a1a8')]",
                        "createOption": "FromImage",
                        "caching": "ReadWrite",
                        "managedDisk": {
                            "id": "[resourceId('Microsoft.Compute/disks', parameters('disks_IoT_node_OsDisk_1_96c6279aac924bce8b4f3a61d6e0a1a8_name'))]"
                        }
                    },
                    "dataDisks": []
                },
                "osProfile": {
                    "computerName": "[parameters('virtualMachines_IoT_node_name')]",
                    "adminUsername": "ben",
                    "linuxConfiguration": {
                        "disablePasswordAuthentication": false
                    },
                    "secrets": []
                },
                "networkProfile": {
                    "networkInterfaces": [
                        {
                            "id": "[resourceId('Microsoft.Network/networkInterfaces', parameters('networkInterfaces_iot_node473_name'))]"
                        }
                    ]
                },
                "diagnosticsProfile": {
                    "bootDiagnostics": {
                        "enabled": true,
                        "storageUri": "[concat('https', '://', parameters('storageAccounts_rgsaltstackdiag699_name'), '.blob.core.windows.net', '/')]"
                    }
                }
            },
            "dependsOn": [
                "[resourceId('Microsoft.Compute/disks', parameters('disks_IoT_node_OsDisk_1_96c6279aac924bce8b4f3a61d6e0a1a8_name'))]",
                "[resourceId('Microsoft.Network/networkInterfaces', parameters('networkInterfaces_iot_node473_name'))]",
                "[resourceId('Microsoft.Storage/storageAccounts', parameters('storageAccounts_rgsaltstackdiag699_name'))]"
            ]
        },
        {
            "comments": "Generalized from resource: '/subscriptions/1bcbd897-f630-49db-839c-41cb001f3845/resourceGroups/rg-saltstack/providers/Microsoft.Network/networkInterfaces/iot-node473'.",
            "type": "Microsoft.Network/networkInterfaces",
            "name": "[parameters('networkInterfaces_iot_node473_name')]",
            "apiVersion": "2017-06-01",
            "location": "centralus",
            "scale": null,
            "properties": {
                "provisioningState": "Succeeded",
                "resourceGuid": "717fecb6-1356-4700-9ce2-1afaea8e8beb",
                "ipConfigurations": [
                    {
                        "name": "ipconfig1",
                        "etag": "W/\"9042986b-8ef4-48b6-9dce-a2e53a37fa1c\"",
                        "properties": {
                            "provisioningState": "Succeeded",
                            "privateIPAddress": "192.168.1.5",
                            "privateIPAllocationMethod": "Dynamic",
                            "publicIPAddress": {
                                "id": "[resourceId('Microsoft.Network/publicIPAddresses', parameters('publicIPAddresses_IoT_node_ip_name'))]"
                            },
                            "subnet": {
                                "id": "[resourceId('Microsoft.Network/virtualNetworks/subnets', parameters('virtualNetworks_vn_saltstack_name'), parameters('subnets_sn_saltstack_name'))]"
                            },
                            "primary": true,
                            "privateIPAddressVersion": "IPv4"
                        }
                    }
                ],
                "dnsSettings": {
                    "dnsServers": [],
                    "appliedDnsServers": []
                },
                "enableAcceleratedNetworking": false,
                "enableIPForwarding": false,
                "networkSecurityGroup": {
                    "id": "[resourceId('Microsoft.Network/networkSecurityGroups', parameters('networkSecurityGroups_IoT_node_nsg_name'))]"
                },
                "primary": true,
                "virtualMachine": {
                    "id": "[resourceId('Microsoft.Compute/virtualMachines', parameters('virtualMachines_IoT_node_name'))]"
                }
            },
            "dependsOn": [
                "[resourceId('Microsoft.Network/publicIPAddresses', parameters('publicIPAddresses_IoT_node_ip_name'))]",
                "[resourceId('Microsoft.Network/virtualNetworks/subnets', parameters('virtualNetworks_vn_saltstack_name'), parameters('subnets_sn_saltstack_name'))]",
                "[resourceId('Microsoft.Network/networkSecurityGroups', parameters('networkSecurityGroups_IoT_node_nsg_name'))]",
                "[resourceId('Microsoft.Compute/virtualMachines', parameters('virtualMachines_IoT_node_name'))]"
            ]
        },
        {
            "comments": "Generalized from resource: '/subscriptions/1bcbd897-f630-49db-839c-41cb001f3845/resourceGroups/rg-saltstack/providers/Microsoft.Network/networkInterfaces/vnic-saltstack-master'.",
            "type": "Microsoft.Network/networkInterfaces",
            "name": "[parameters('networkInterfaces_vnic_saltstack_master_name')]",
            "apiVersion": "2017-06-01",
            "location": "centralus",
            "scale": null,
            "properties": {
                "provisioningState": "Succeeded",
                "resourceGuid": "1740a6e0-176b-4ce8-9f04-624724c45fda",
                "ipConfigurations": [
                    {
                        "name": "ipconfig1",
                        "etag": "W/\"e250e724-5929-472c-9f28-2d409233d2db\"",
                        "properties": {
                            "provisioningState": "Succeeded",
                            "privateIPAddress": "192.168.1.4",
                            "privateIPAllocationMethod": "Dynamic",
                            "publicIPAddress": {
                                "id": "[resourceId('Microsoft.Network/publicIPAddresses', parameters('publicIPAddresses_ip_rg_saltstack_name'))]"
                            },
                            "subnet": {
                                "id": "[resourceId('Microsoft.Network/virtualNetworks/subnets', parameters('virtualNetworks_vn_saltstack_name'), parameters('subnets_sn_saltstack_name'))]"
                            },
                            "primary": true,
                            "privateIPAddressVersion": "IPv4"
                        }
                    }
                ],
                "dnsSettings": {
                    "dnsServers": [],
                    "appliedDnsServers": [],
                    "internalDomainNameSuffix": "yyfvsojaipjelfxioheuxggmvb.gx.internal.cloudapp.net"
                },
                "enableAcceleratedNetworking": false,
                "enableIPForwarding": false,
                "networkSecurityGroup": {
                    "id": "[resourceId('Microsoft.Network/networkSecurityGroups', parameters('networkSecurityGroups_nsg_saltstack_master_name'))]"
                }
            },
            "dependsOn": [
                "[resourceId('Microsoft.Network/publicIPAddresses', parameters('publicIPAddresses_ip_rg_saltstack_name'))]",
                "[resourceId('Microsoft.Network/virtualNetworks/subnets', parameters('virtualNetworks_vn_saltstack_name'), parameters('subnets_sn_saltstack_name'))]",
                "[resourceId('Microsoft.Network/networkSecurityGroups', parameters('networkSecurityGroups_nsg_saltstack_master_name'))]"
            ]
        },
        {
            "comments": "Generalized from resource: '/subscriptions/1bcbd897-f630-49db-839c-41cb001f3845/resourceGroups/rg-saltstack/providers/Microsoft.Network/networkSecurityGroups/IoT-node-nsg'.",
            "type": "Microsoft.Network/networkSecurityGroups",
            "name": "[parameters('networkSecurityGroups_IoT_node_nsg_name')]",
            "apiVersion": "2017-06-01",
            "location": "centralus",
            "scale": null,
            "properties": {
                "provisioningState": "Succeeded",
                "resourceGuid": "340ecb64-845c-4631-85df-714d95030c62",
                "securityRules": [
                    {
                        "name": "default-allow-ssh",
                        "etag": "W/\"ecfc5e6d-4628-40df-ac41-fa6be45939ce\"",
                        "properties": {
                            "provisioningState": "Succeeded",
                            "protocol": "TCP",
                            "sourcePortRange": "*",
                            "destinationPortRange": "22",
                            "sourceAddressPrefix": "*",
                            "destinationAddressPrefix": "*",
                            "access": "Allow",
                            "priority": 1000,
                            "direction": "Inbound",
                            "sourceAddressPrefixes": [],
                            "destinationAddressPrefixes": []
                        }
                    }
                ],
                "defaultSecurityRules": [
                    {
                        "name": "AllowVnetInBound",
                        "etag": "W/\"ecfc5e6d-4628-40df-ac41-fa6be45939ce\"",
                        "properties": {
                            "provisioningState": "Succeeded",
                            "description": "Allow inbound traffic from all VMs in VNET",
                            "protocol": "*",
                            "sourcePortRange": "*",
                            "destinationPortRange": "*",
                            "sourceAddressPrefix": "VirtualNetwork",
                            "destinationAddressPrefix": "VirtualNetwork",
                            "access": "Allow",
                            "priority": 65000,
                            "direction": "Inbound",
                            "sourceAddressPrefixes": [],
                            "destinationAddressPrefixes": []
                        }
                    },
                    {
                        "name": "AllowAzureLoadBalancerInBound",
                        "etag": "W/\"ecfc5e6d-4628-40df-ac41-fa6be45939ce\"",
                        "properties": {
                            "provisioningState": "Succeeded",
                            "description": "Allow inbound traffic from azure load balancer",
                            "protocol": "*",
                            "sourcePortRange": "*",
                            "destinationPortRange": "*",
                            "sourceAddressPrefix": "AzureLoadBalancer",
                            "destinationAddressPrefix": "*",
                            "access": "Allow",
                            "priority": 65001,
                            "direction": "Inbound",
                            "sourceAddressPrefixes": [],
                            "destinationAddressPrefixes": []
                        }
                    },
                    {
                        "name": "DenyAllInBound",
                        "etag": "W/\"ecfc5e6d-4628-40df-ac41-fa6be45939ce\"",
                        "properties": {
                            "provisioningState": "Succeeded",
                            "description": "Deny all inbound traffic",
                            "protocol": "*",
                            "sourcePortRange": "*",
                            "destinationPortRange": "*",
                            "sourceAddressPrefix": "*",
                            "destinationAddressPrefix": "*",
                            "access": "Deny",
                            "priority": 65500,
                            "direction": "Inbound",
                            "sourceAddressPrefixes": [],
                            "destinationAddressPrefixes": []
                        }
                    },
                    {
                        "name": "AllowVnetOutBound",
                        "etag": "W/\"ecfc5e6d-4628-40df-ac41-fa6be45939ce\"",
                        "properties": {
                            "provisioningState": "Succeeded",
                            "description": "Allow outbound traffic from all VMs to all VMs in VNET",
                            "protocol": "*",
                            "sourcePortRange": "*",
                            "destinationPortRange": "*",
                            "sourceAddressPrefix": "VirtualNetwork",
                            "destinationAddressPrefix": "VirtualNetwork",
                            "access": "Allow",
                            "priority": 65000,
                            "direction": "Outbound",
                            "sourceAddressPrefixes": [],
                            "destinationAddressPrefixes": []
                        }
                    },
                    {
                        "name": "AllowInternetOutBound",
                        "etag": "W/\"ecfc5e6d-4628-40df-ac41-fa6be45939ce\"",
                        "properties": {
                            "provisioningState": "Succeeded",
                            "description": "Allow outbound traffic from all VMs to Internet",
                            "protocol": "*",
                            "sourcePortRange": "*",
                            "destinationPortRange": "*",
                            "sourceAddressPrefix": "*",
                            "destinationAddressPrefix": "Internet",
                            "access": "Allow",
                            "priority": 65001,
                            "direction": "Outbound",
                            "sourceAddressPrefixes": [],
                            "destinationAddressPrefixes": []
                        }
                    },
                    {
                        "name": "DenyAllOutBound",
                        "etag": "W/\"ecfc5e6d-4628-40df-ac41-fa6be45939ce\"",
                        "properties": {
                            "provisioningState": "Succeeded",
                            "description": "Deny all outbound traffic",
                            "protocol": "*",
                            "sourcePortRange": "*",
                            "destinationPortRange": "*",
                            "sourceAddressPrefix": "*",
                            "destinationAddressPrefix": "*",
                            "access": "Deny",
                            "priority": 65500,
                            "direction": "Outbound",
                            "sourceAddressPrefixes": [],
                            "destinationAddressPrefixes": []
                        }
                    }
                ]
            },
            "dependsOn": []
        },
        {
            "comments": "Generalized from resource: '/subscriptions/1bcbd897-f630-49db-839c-41cb001f3845/resourceGroups/rg-saltstack/providers/Microsoft.Network/networkSecurityGroups/nsg-saltstack-master'.",
            "type": "Microsoft.Network/networkSecurityGroups",
            "name": "[parameters('networkSecurityGroups_nsg_saltstack_master_name')]",
            "apiVersion": "2017-06-01",
            "location": "centralus",
            "scale": null,
            "properties": {
                "provisioningState": "Succeeded",
                "resourceGuid": "01660d1e-cfb3-4a45-a1af-36a10ad9052d",
                "securityRules": [
                    {
                        "name": "rg-nsgr-t4505",
                        "etag": "W/\"4d7bd028-6c7e-4864-82c2-08e4e0c29dfb\"",
                        "properties": {
                            "provisioningState": "Succeeded",
                            "protocol": "Tcp",
                            "sourcePortRange": "*",
                            "destinationPortRange": "4506",
                            "sourceAddressPrefix": "24.167.254.212",
                            "destinationAddressPrefix": "*",
                            "access": "Allow",
                            "priority": 1200,
                            "direction": "Inbound",
                            "sourceAddressPrefixes": [],
                            "destinationAddressPrefixes": []
                        }
                    },
                    {
                        "name": "rg-nsgr-t4506",
                        "etag": "W/\"4d7bd028-6c7e-4864-82c2-08e4e0c29dfb\"",
                        "properties": {
                            "provisioningState": "Succeeded",
                            "description": "Inbound to TCP/4506",
                            "protocol": "Tcp",
                            "sourcePortRange": "*",
                            "destinationPortRange": "4506",
                            "sourceAddressPrefix": "24.167.254.212",
                            "destinationAddressPrefix": "*",
                            "access": "Allow",
                            "priority": 1300,
                            "direction": "Inbound",
                            "sourceAddressPrefixes": [],
                            "destinationAddressPrefixes": []
                        }
                    },
                    {
                        "name": "rg-nsgr-ssh",
                        "etag": "W/\"4d7bd028-6c7e-4864-82c2-08e4e0c29dfb\"",
                        "properties": {
                            "provisioningState": "Succeeded",
                            "description": "Inbound to SSH",
                            "protocol": "Tcp",
                            "sourcePortRange": "*",
                            "destinationPortRange": "22",
                            "sourceAddressPrefix": "24.167.254.212",
                            "destinationAddressPrefix": "*",
                            "access": "Allow",
                            "priority": 1400,
                            "direction": "Inbound",
                            "sourceAddressPrefixes": [],
                            "destinationAddressPrefixes": []
                        }
                    }
                ],
                "defaultSecurityRules": [
                    {
                        "name": "AllowVnetInBound",
                        "etag": "W/\"4d7bd028-6c7e-4864-82c2-08e4e0c29dfb\"",
                        "properties": {
                            "provisioningState": "Succeeded",
                            "description": "Allow inbound traffic from all VMs in VNET",
                            "protocol": "*",
                            "sourcePortRange": "*",
                            "destinationPortRange": "*",
                            "sourceAddressPrefix": "VirtualNetwork",
                            "destinationAddressPrefix": "VirtualNetwork",
                            "access": "Allow",
                            "priority": 65000,
                            "direction": "Inbound",
                            "sourceAddressPrefixes": [],
                            "destinationAddressPrefixes": []
                        }
                    },
                    {
                        "name": "AllowAzureLoadBalancerInBound",
                        "etag": "W/\"4d7bd028-6c7e-4864-82c2-08e4e0c29dfb\"",
                        "properties": {
                            "provisioningState": "Succeeded",
                            "description": "Allow inbound traffic from azure load balancer",
                            "protocol": "*",
                            "sourcePortRange": "*",
                            "destinationPortRange": "*",
                            "sourceAddressPrefix": "AzureLoadBalancer",
                            "destinationAddressPrefix": "*",
                            "access": "Allow",
                            "priority": 65001,
                            "direction": "Inbound",
                            "sourceAddressPrefixes": [],
                            "destinationAddressPrefixes": []
                        }
                    },
                    {
                        "name": "DenyAllInBound",
                        "etag": "W/\"4d7bd028-6c7e-4864-82c2-08e4e0c29dfb\"",
                        "properties": {
                            "provisioningState": "Succeeded",
                            "description": "Deny all inbound traffic",
                            "protocol": "*",
                            "sourcePortRange": "*",
                            "destinationPortRange": "*",
                            "sourceAddressPrefix": "*",
                            "destinationAddressPrefix": "*",
                            "access": "Deny",
                            "priority": 65500,
                            "direction": "Inbound",
                            "sourceAddressPrefixes": [],
                            "destinationAddressPrefixes": []
                        }
                    },
                    {
                        "name": "AllowVnetOutBound",
                        "etag": "W/\"4d7bd028-6c7e-4864-82c2-08e4e0c29dfb\"",
                        "properties": {
                            "provisioningState": "Succeeded",
                            "description": "Allow outbound traffic from all VMs to all VMs in VNET",
                            "protocol": "*",
                            "sourcePortRange": "*",
                            "destinationPortRange": "*",
                            "sourceAddressPrefix": "VirtualNetwork",
                            "destinationAddressPrefix": "VirtualNetwork",
                            "access": "Allow",
                            "priority": 65000,
                            "direction": "Outbound",
                            "sourceAddressPrefixes": [],
                            "destinationAddressPrefixes": []
                        }
                    },
                    {
                        "name": "AllowInternetOutBound",
                        "etag": "W/\"4d7bd028-6c7e-4864-82c2-08e4e0c29dfb\"",
                        "properties": {
                            "provisioningState": "Succeeded",
                            "description": "Allow outbound traffic from all VMs to Internet",
                            "protocol": "*",
                            "sourcePortRange": "*",
                            "destinationPortRange": "*",
                            "sourceAddressPrefix": "*",
                            "destinationAddressPrefix": "Internet",
                            "access": "Allow",
                            "priority": 65001,
                            "direction": "Outbound",
                            "sourceAddressPrefixes": [],
                            "destinationAddressPrefixes": []
                        }
                    },
                    {
                        "name": "DenyAllOutBound",
                        "etag": "W/\"4d7bd028-6c7e-4864-82c2-08e4e0c29dfb\"",
                        "properties": {
                            "provisioningState": "Succeeded",
                            "description": "Deny all outbound traffic",
                            "protocol": "*",
                            "sourcePortRange": "*",
                            "destinationPortRange": "*",
                            "sourceAddressPrefix": "*",
                            "destinationAddressPrefix": "*",
                            "access": "Deny",
                            "priority": 65500,
                            "direction": "Outbound",
                            "sourceAddressPrefixes": [],
                            "destinationAddressPrefixes": []
                        }
                    }
                ]
            },
            "dependsOn": []
        },
        {
            "comments": "Generalized from resource: '/subscriptions/1bcbd897-f630-49db-839c-41cb001f3845/resourceGroups/rg-saltstack/providers/Microsoft.Network/publicIPAddresses/IoT-node-ip'.",
            "type": "Microsoft.Network/publicIPAddresses",
            "name": "[parameters('publicIPAddresses_IoT_node_ip_name')]",
            "apiVersion": "2017-06-01",
            "location": "centralus",
            "scale": null,
            "properties": {
                "provisioningState": "Succeeded",
                "resourceGuid": "4eafb586-c230-443a-b8df-7852dc5bfe72",
                "publicIPAddressVersion": "IPv4",
                "publicIPAllocationMethod": "Dynamic",
                "idleTimeoutInMinutes": 4
            },
            "dependsOn": []
        },
        {
            "comments": "Generalized from resource: '/subscriptions/1bcbd897-f630-49db-839c-41cb001f3845/resourceGroups/rg-saltstack/providers/Microsoft.Network/publicIPAddresses/ip-rg-saltstack'.",
            "type": "Microsoft.Network/publicIPAddresses",
            "name": "[parameters('publicIPAddresses_ip_rg_saltstack_name')]",
            "apiVersion": "2017-06-01",
            "location": "centralus",
            "scale": null,
            "properties": {
                "provisioningState": "Succeeded",
                "resourceGuid": "8353a085-c2d9-4536-bc83-1d3f7097dbe5",
                "publicIPAddressVersion": "IPv4",
                "publicIPAllocationMethod": "Dynamic",
                "idleTimeoutInMinutes": 4
            },
            "dependsOn": []
        },
        {
            "comments": "Generalized from resource: '/subscriptions/1bcbd897-f630-49db-839c-41cb001f3845/resourceGroups/rg-saltstack/providers/Microsoft.Network/virtualNetworks/vn-saltstack'.",
            "type": "Microsoft.Network/virtualNetworks",
            "name": "[parameters('virtualNetworks_vn_saltstack_name')]",
            "apiVersion": "2017-06-01",
            "location": "centralus",
            "scale": null,
            "properties": {
                "provisioningState": "Succeeded",
                "resourceGuid": "39590bc6-4320-45d2-96e8-71c94b98cca9",
                "addressSpace": {
                    "addressPrefixes": [
                        "192.168.0.0/16"
                    ]
                },
                "subnets": [
                    {
                        "name": "sn-saltstack",
                        "etag": "W/\"d07cb2f5-415f-4bcb-a05e-7ab1a5dec82d\"",
                        "properties": {
                            "provisioningState": "Succeeded",
                            "addressPrefix": "192.168.1.0/24"
                        }
                    }
                ],
                "virtualNetworkPeerings": []
            },
            "dependsOn": []
        },
        {
            "comments": "Generalized from resource: '/subscriptions/1bcbd897-f630-49db-839c-41cb001f3845/resourceGroups/rg-saltstack/providers/Microsoft.Storage/storageAccounts/rgsaltstackdiag699'.",
            "type": "Microsoft.Storage/storageAccounts",
            "sku": {
                "name": "Standard_LRS",
                "tier": "Standard"
            },
            "kind": "Storage",
            "name": "[parameters('storageAccounts_rgsaltstackdiag699_name')]",
            "apiVersion": "2016-01-01",
            "location": "centralus",
            "tags": {},
            "scale": null,
            "properties": {},
            "dependsOn": []
        },
        {
            "comments": "Generalized from resource: '/subscriptions/1bcbd897-f630-49db-839c-41cb001f3845/resourceGroups/rg-saltstack/providers/Microsoft.Network/networkSecurityGroups/IoT-node-nsg/securityRules/default-allow-ssh'.",
            "type": "Microsoft.Network/networkSecurityGroups/securityRules",
            "name": "[concat(parameters('networkSecurityGroups_IoT_node_nsg_name'), '/', parameters('securityRules_default_allow_ssh_name'))]",
            "apiVersion": "2017-06-01",
            "scale": null,
            "properties": {
                "provisioningState": "Succeeded",
                "protocol": "TCP",
                "sourcePortRange": "*",
                "destinationPortRange": "22",
                "sourceAddressPrefix": "*",
                "destinationAddressPrefix": "*",
                "access": "Allow",
                "priority": 1000,
                "direction": "Inbound",
                "sourceAddressPrefixes": [],
                "destinationAddressPrefixes": []
            },
            "dependsOn": [
                "[resourceId('Microsoft.Network/networkSecurityGroups', parameters('networkSecurityGroups_IoT_node_nsg_name'))]"
            ]
        },
        {
            "comments": "Generalized from resource: '/subscriptions/1bcbd897-f630-49db-839c-41cb001f3845/resourceGroups/rg-saltstack/providers/Microsoft.Network/networkSecurityGroups/nsg-saltstack-master/securityRules/rg-nsgr-t4505'.",
            "type": "Microsoft.Network/networkSecurityGroups/securityRules",
            "name": "[concat(parameters('networkSecurityGroups_nsg_saltstack_master_name'), '/', parameters('securityRules_rg_nsgr_t4505_name'))]",
            "apiVersion": "2017-06-01",
            "scale": null,
            "properties": {
                "provisioningState": "Succeeded",
                "protocol": "Tcp",
                "sourcePortRange": "*",
                "destinationPortRange": "4506",
                "sourceAddressPrefix": "24.167.254.212",
                "destinationAddressPrefix": "*",
                "access": "Allow",
                "priority": 1200,
                "direction": "Inbound",
                "sourceAddressPrefixes": [],
                "destinationAddressPrefixes": []
            },
            "dependsOn": [
                "[resourceId('Microsoft.Network/networkSecurityGroups', parameters('networkSecurityGroups_nsg_saltstack_master_name'))]"
            ]
        },
        {
            "comments": "Generalized from resource: '/subscriptions/1bcbd897-f630-49db-839c-41cb001f3845/resourceGroups/rg-saltstack/providers/Microsoft.Network/networkSecurityGroups/nsg-saltstack-master/securityRules/rg-nsgr-t4506'.",
            "type": "Microsoft.Network/networkSecurityGroups/securityRules",
            "name": "[concat(parameters('networkSecurityGroups_nsg_saltstack_master_name'), '/', parameters('securityRules_rg_nsgr_t4506_name'))]",
            "apiVersion": "2017-06-01",
            "scale": null,
            "properties": {
                "provisioningState": "Succeeded",
                "description": "Inbound to TCP/4506",
                "protocol": "Tcp",
                "sourcePortRange": "*",
                "destinationPortRange": "4506",
                "sourceAddressPrefix": "24.167.254.212",
                "destinationAddressPrefix": "*",
                "access": "Allow",
                "priority": 1300,
                "direction": "Inbound",
                "sourceAddressPrefixes": [],
                "destinationAddressPrefixes": []
            },
            "dependsOn": [
                "[resourceId('Microsoft.Network/networkSecurityGroups', parameters('networkSecurityGroups_nsg_saltstack_master_name'))]"
            ]
        },
        {
            "comments": "Generalized from resource: '/subscriptions/1bcbd897-f630-49db-839c-41cb001f3845/resourceGroups/rg-saltstack/providers/Microsoft.Network/networkSecurityGroups/nsg-saltstack-master/securityRules/rg-nsgr-ssh'.",
            "type": "Microsoft.Network/networkSecurityGroups/securityRules",
            "name": "[concat(parameters('networkSecurityGroups_nsg_saltstack_master_name'), '/', parameters('securityRules_rg_nsgr_ssh_name'))]",
            "apiVersion": "2017-06-01",
            "scale": null,
            "properties": {
                "provisioningState": "Succeeded",
                "description": "Inbound to SSH",
                "protocol": "Tcp",
                "sourcePortRange": "*",
                "destinationPortRange": "22",
                "sourceAddressPrefix": "24.167.254.212",
                "destinationAddressPrefix": "*",
                "access": "Allow",
                "priority": 1400,
                "direction": "Inbound",
                "sourceAddressPrefixes": [],
                "destinationAddressPrefixes": []
            },
            "dependsOn": [
                "[resourceId('Microsoft.Network/networkSecurityGroups', parameters('networkSecurityGroups_nsg_saltstack_master_name'))]"
            ]
        },
        {
            "comments": "Generalized from resource: '/subscriptions/1bcbd897-f630-49db-839c-41cb001f3845/resourceGroups/rg-saltstack/providers/Microsoft.Network/virtualNetworks/vn-saltstack/subnets/sn-saltstack'.",
            "type": "Microsoft.Network/virtualNetworks/subnets",
            "name": "[concat(parameters('virtualNetworks_vn_saltstack_name'), '/', parameters('subnets_sn_saltstack_name'))]",
            "apiVersion": "2017-06-01",
            "scale": null,
            "properties": {
                "provisioningState": "Succeeded",
                "addressPrefix": "192.168.1.0/24"
            },
            "dependsOn": [
                "[resourceId('Microsoft.Network/virtualNetworks', parameters('virtualNetworks_vn_saltstack_name'))]"
            ]
        }
    ]
}